Category,SubCategory,Year,Value,Region,FuelType,Transmission,OwnerType
Passenger Cars,Hatchback,2007-08,371779,West,Electric,Automatic,Government
Passenger Cars,Hatchback,2007-08,372616,North,Electric,Automatic,Commercial
Passenger Cars,Hatchback,2007-08,463039,East,CNG,Manual,Export
Passenger Cars,Hatchback,2007-08,350096,Central,Diesel,Automatic,Private
Passenger Cars,Sedan,2007-08,508861,South,Diesel,Automatic,Private
Passenger Cars,Sedan,2007-08,583781,South,Diesel,Manual,Private
Passenger Cars,SUV,2007-08,78499,North,Electric,Manual,Export
Passenger Cars,SUV,2007-08,84749,Central,Hybrid,Automatic,Commercial
Passenger Cars,SUV,2007-08,74881,North,Hybrid,Automatic,Private
Passenger Cars,SUV,2007-08,59714,West,Diesel,Manual,Commercial
Passenger Cars,Luxury,2007-08,354828,Central,Diesel,Automatic,Private
Passenger Cars,Luxury,2007-08,458620,North,Hybrid,Automatic,Government
Passenger Cars,Luxury,2007-08,320553,West,Electric,Automatic,Commercial
Passenger Cars,Luxury,2007-08,372330,North,CNG,Automatic,Government
Utility Vehicles,Pickup,2007-08,79407,North,CNG,Manual,Private
Utility Vehicles,Pickup,2007-08,70004,South,Electric,Automatic,Export
Utility Vehicles,Jeep,2007-08,43308,East,Diesel,Automatic,Government
Utility Vehicles,Jeep,2007-08,41700,West,Electric,Manual,Government
Utility Vehicles,Jeep,2007-08,44036,West,Hybrid,Automatic,Private
Utility Vehicles,Mini-SUV,2007-08,157272,North,Petrol,Automatic,Private
Utility Vehicles,Mini-SUV,2007-08,153930,South,CNG,Manual,Government
Vans,Mini Van,2007-08,12471,North,Petrol,Automatic,Commercial
Vans,Mini Van,2007-08,12609,North,Petrol,Automatic,Commercial
Vans,Mini Van,2007-08,12951,South,Electric,Automatic,Government
Vans,Full Van,2007-08,85404,East,Hybrid,Automatic,Commercial
Vans,Full Van,2007-08,76200,Central,Hybrid,Automatic,Private
Vans,Full Van,2007-08,99681,West,Hybrid,Manual,Commercial
Vans,Full Van,2007-08,102422,West,Electric,Automatic,Export
Total Passenger Vehicles,Compact PV,2007-08,190108,West,Diesel,Manual,Export
Total Passenger Vehicles,Compact PV,2007-08,238022,South,Diesel,Automatic,Private
Total Passenger Vehicles,Mid PV,2007-08,917218,Central,Petrol,Automatic,Government
Total Passenger Vehicles,Mid PV,2007-08,763679,South,Electric,Automatic,Commercial
Total Passenger Vehicles,Mid PV,2007-08,894307,Central,Electric,Manual,Government
Total Passenger Vehicles,Large PV,2007-08,591015,South,Electric,Manual,Export
Total Passenger Vehicles,Large PV,2007-08,666233,Central,Petrol,Automatic,Commercial
Total Passenger Vehicles,Large PV,2007-08,654835,Central,Electric,Manual,Export
MandHCVs,Heavy Truck,2007-08,332206,Central,Hybrid,Manual,Export
MandHCVs,Heavy Truck,2007-08,285407,East,Petrol,Manual,Commercial
MandHCVs,Heavy Truck,2007-08,297177,North,Electric,Manual,Export
MandHCVs,Heavy Truck,2007-08,252251,North,Diesel,Automatic,Government
MandHCVs,Medium Truck,2007-08,12897,South,Hybrid,Automatic,Private
MandHCVs,Medium Truck,2007-08,15872,North,Hybrid,Manual,Government
MandHCVs,Medium Truck,2007-08,18280,Central,Electric,Automatic,Export
LCVs,Mini Truck,2007-08,207398,Central,Hybrid,Automatic,Commercial
LCVs,Mini Truck,2007-08,230978,East,Hybrid,Automatic,Private
LCVs,Mini Truck,2007-08,204050,East,Electric,Manual,Government
LCVs,Mini Truck,2007-08,238156,East,Hybrid,Automatic,Export
LCVs,Light Truck,2007-08,40489,South,Petrol,Automatic,Export
LCVs,Light Truck,2007-08,40218,West,Hybrid,Manual,Private
LCVs,Light Truck,2007-08,44634,North,Hybrid,Manual,Export
LCVs,Light Truck,2007-08,43715,East,CNG,Automatic,Export
Total CVs,General,2007-08,567680,East,Petrol,Manual,Government
Total CVs,General,2007-08,561570,West,Petrol,Manual,Government
Three Wheelers,Passenger 3W,2007-08,222345,Central,Hybrid,Automatic,Government
Three Wheelers,Passenger 3W,2007-08,245895,South,Electric,Automatic,Government
Three Wheelers,Passenger 3W,2007-08,231086,South,Petrol,Manual,Commercial
Three Wheelers,Passenger 3W,2007-08,256560,East,Hybrid,Manual,Commercial
Three Wheelers,Cargo 3W,2007-08,259756,Central,Petrol,Automatic,Private
Three Wheelers,Cargo 3W,2007-08,195886,South,Diesel,Manual,Export
Scooters,General,2007-08,1290511,Central,Electric,Automatic,Commercial
Scooters,General,2007-08,940229,West,Electric,Automatic,Private
Scooters,General,2007-08,914586,South,CNG,Automatic,Government
Scooters,General,2007-08,1037279,East,CNG,Automatic,Private
Motorcycles,General,2007-08,5618963,East,Electric,Automatic,Government
Motorcycles,General,2007-08,5636309,South,Diesel,Automatic,Government
Mopeds,General,2007-08,388842,Central,Electric,Automatic,Private
Mopeds,General,2007-08,493840,North,Electric,Manual,Private
Electric Two Wheelers,General,2007-08,19628,East,Petrol,Manual,Government
Electric Two Wheelers,General,2007-08,19864,North,Electric,Automatic,Export
Electric Two Wheelers,General,2007-08,16002,West,Diesel,Automatic,Commercial
Total Two Wheelers,General,2007-08,8018353,East,Diesel,Manual,Export
Total Two Wheelers,General,2007-08,8465166,North,Diesel,Automatic,Government
Total Two Wheelers,General,2007-08,8601030,West,Electric,Automatic,Government
Total Two Wheelers,General,2007-08,8073523,North,Electric,Manual,Government
Grand Total,General,2007-08,9788894,South,Petrol,Manual,Commercial
Grand Total,General,2007-08,9407703,South,CNG,Automatic,Commercial
Passenger Cars,Hatchback,2008-09,381675,West,Diesel,Manual,Commercial
Passenger Cars,Hatchback,2008-09,319609,East,Hybrid,Automatic,Commercial
Passenger Cars,Sedan,2008-09,111387,North,Hybrid,Automatic,Export
Passenger Cars,Sedan,2008-09,100479,Central,CNG,Automatic,Export
Passenger Cars,Sedan,2008-09,103907,Central,Petrol,Automatic,Export
Passenger Cars,SUV,2008-09,1075730,South,Electric,Automatic,Export
Passenger Cars,SUV,2008-09,895527,Central,Diesel,Automatic,Export
Passenger Cars,SUV,2008-09,1028438,North,Diesel,Automatic,Government
Passenger Cars,Luxury,2008-09,103197,West,CNG,Automatic,Private
Passenger Cars,Luxury,2008-09,132766,Central,Hybrid,Automatic,Private
Passenger Cars,Luxury,2008-09,109785,West,CNG,Automatic,Commercial
Passenger Cars,Luxury,2008-09,124927,Central,Electric,Manual,Government
Utility Vehicles,Pickup,2008-09,146550,North,Hybrid,Automatic,Private
Utility Vehicles,Pickup,2008-09,115977,South,Petrol,Manual,Export
Utility Vehicles,Jeep,2008-09,29085,South,Hybrid,Automatic,Private
Utility Vehicles,Jeep,2008-09,36409,South,Hybrid,Manual,Export
Utility Vehicles,Jeep,2008-09,29428,South,Hybrid,Automatic,Government
Utility Vehicles,Jeep,2008-09,37282,Central,Petrol,Manual,Export
Utility Vehicles,Mini-SUV,2008-09,59415,North,Electric,Manual,Government
Utility Vehicles,Mini-SUV,2008-09,76811,North,Petrol,Automatic,Export
Vans,Mini Van,2008-09,97793,East,Electric,Manual,Private
Vans,Mini Van,2008-09,83896,Central,Diesel,Manual,Government
Vans,Mini Van,2008-09,120374,East,Petrol,Automatic,Commercial
Vans,Full Van,2008-09,5227,North,Hybrid,Automatic,Commercial
Vans,Full Van,2008-09,4220,Central,Electric,Automatic,Commercial
Vans,Full Van,2008-09,5581,East,Hybrid,Manual,Export
Total Passenger Vehicles,Compact PV,2008-09,1245494,South,Electric,Manual,Private
Total Passenger Vehicles,Compact PV,2008-09,1299217,North,Petrol,Manual,Government
Total Passenger Vehicles,Compact PV,2008-09,1340729,Central,Petrol,Automatic,Commercial
Total Passenger Vehicles,Mid PV,2008-09,660824,North,Petrol,Manual,Government
Total Passenger Vehicles,Mid PV,2008-09,617540,North,Hybrid,Automatic,Government
Total Passenger Vehicles,Mid PV,2008-09,565800,South,Petrol,Manual,Export
Total Passenger Vehicles,Large PV,2008-09,28121,South,Hybrid,Manual,Private
Total Passenger Vehicles,Large PV,2008-09,26208,North,Petrol,Manual,Private
MandHCVs,Heavy Truck,2008-09,7801,West,Hybrid,Automatic,Export
MandHCVs,Heavy Truck,2008-09,6566,West,Hybrid,Manual,Government
MandHCVs,Heavy Truck,2008-09,6129,East,Electric,Manual,Export
MandHCVs,Heavy Truck,2008-09,7836,Central,Petrol,Manual,Private
MandHCVs,Medium Truck,2008-09,229421,North,CNG,Manual,Export
MandHCVs,Medium Truck,2008-09,166885,Central,Petrol,Manual,Commercial
MandHCVs,Medium Truck,2008-09,213628,Central,CNG,Manual,Government
LCVs,Mini Truck,2008-09,63781,North,Diesel,Manual,Commercial
LCVs,Mini Truck,2008-09,60556,West,Electric,Manual,Export
LCVs,Mini Truck,2008-09,50458,Central,Diesel,Automatic,Export
LCVs,Light Truck,2008-09,157049,South,CNG,Manual,Private
LCVs,Light Truck,2008-09,133433,South,Diesel,Manual,Government
LCVs,Light Truck,2008-09,133990,North,Petrol,Automatic,Export
LCVs,Light Truck,2008-09,149789,West,Petrol,Manual,Private
Total CVs,General,2008-09,356204,North,Diesel,Manual,Private
Total CVs,General,2008-09,440621,Central,Diesel,Automatic,Government
Three Wheelers,Passenger 3W,2008-09,135114,North,Electric,Automatic,Export
Three Wheelers,Passenger 3W,2008-09,134004,East,Diesel,Automatic,Commercial
Three Wheelers,Passenger 3W,2008-09,171456,South,Hybrid,Manual,Export
Three Wheelers,Passenger 3W,2008-09,153363,South,CNG,Automatic,Commercial
Three Wheelers,Cargo 3W,2008-09,336212,West,Diesel,Manual,Government
Three Wheelers,Cargo 3W,2008-09,341896,West,Petrol,Manual,Government
Three Wheelers,Cargo 3W,2008-09,353615,West,CNG,Manual,Commercial
Scooters,General,2008-09,1407358,Central,CNG,Manual,Export
Scooters,General,2008-09,1269510,North,Diesel,Manual,Commercial
Motorcycles,General,2008-09,6473022,South,Petrol,Automatic,Private
Motorcycles,General,2008-09,7463006,West,Electric,Manual,Government
Motorcycles,General,2008-09,7797429,North,Diesel,Automatic,Commercial
Mopeds,General,2008-09,421063,West,Diesel,Manual,Export
Mopeds,General,2008-09,507936,South,Petrol,Manual,Export
Electric Two Wheelers,General,2008-09,29453,North,Electric,Automatic,Commercial
Electric Two Wheelers,General,2008-09,23708,West,Hybrid,Automatic,Private
Electric Two Wheelers,General,2008-09,31507,North,Diesel,Manual,Commercial
Electric Two Wheelers,General,2008-09,21390,West,Hybrid,Automatic,Commercial
Total Two Wheelers,General,2008-09,9291971,West,Petrol,Manual,Private
Total Two Wheelers,General,2008-09,7232158,North,Petrol,Manual,Government
Grand Total,General,2008-09,10389613,North,CNG,Manual,Export
Grand Total,General,2008-09,11959687,Central,Hybrid,Manual,Export
Grand Total,General,2008-09,13102125,East,Diesel,Automatic,Commercial
Passenger Cars,Hatchback,2009-10,74741,South,Petrol,Automatic,Private
Passenger Cars,Hatchback,2009-10,77373,Central,Hybrid,Automatic,Private
Passenger Cars,Hatchback,2009-10,74860,East,Petrol,Automatic,Private
Passenger Cars,Hatchback,2009-10,72438,Central,Electric,Automatic,Government
Passenger Cars,Sedan,2009-10,618910,East,Hybrid,Automatic,Export
Passenger Cars,Sedan,2009-10,854298,South,Hybrid,Manual,Commercial
Passenger Cars,Sedan,2009-10,703621,West,Diesel,Manual,Government
Passenger Cars,Sedan,2009-10,617497,East,Hybrid,Automatic,Private
Passenger Cars,SUV,2009-10,856315,Central,Diesel,Manual,Export
Passenger Cars,SUV,2009-10,863100,North,CNG,Automatic,Export
Passenger Cars,SUV,2009-10,738980,East,Petrol,Automatic,Commercial
Passenger Cars,SUV,2009-10,672603,South,Electric,Automatic,Government
Passenger Cars,Luxury,2009-10,456864,West,Petrol,Manual,Export
Passenger Cars,Luxury,2009-10,355370,East,Petrol,Manual,Private
Utility Vehicles,Pickup,2009-10,42682,East,CNG,Automatic,Commercial
Utility Vehicles,Pickup,2009-10,41829,East,CNG,Automatic,Private
Utility Vehicles,Pickup,2009-10,36838,North,Petrol,Manual,Private
Utility Vehicles,Jeep,2009-10,150479,Central,Diesel,Automatic,Export
Utility Vehicles,Jeep,2009-10,181879,West,Electric,Manual,Commercial
Utility Vehicles,Jeep,2009-10,167021,South,Diesel,Manual,Commercial
Utility Vehicles,Jeep,2009-10,133606,Central,CNG,Manual,Export
Utility Vehicles,Mini-SUV,2009-10,78741,East,Petrol,Manual,Export
Utility Vehicles,Mini-SUV,2009-10,64087,East,Hybrid,Automatic,Export
Utility Vehicles,Mini-SUV,2009-10,93403,West,Petrol,Manual,Commercial
Vans,Mini Van,2009-10,108774,North,Hybrid,Automatic,Export
Vans,Mini Van,2009-10,97191,North,Hybrid,Automatic,Government
Vans,Mini Van,2009-10,83666,East,Hybrid,Manual,Export
Vans,Mini Van,2009-10,105441,North,Electric,Manual,Government
Vans,Full Van,2009-10,62709,South,Electric,Manual,Private
Vans,Full Van,2009-10,64339,South,Hybrid,Automatic,Commercial
Vans,Full Van,2009-10,72226,North,Petrol,Automatic,Government
Vans,Full Van,2009-10,67803,Central,CNG,Manual,Commercial
Total Passenger Vehicles,Compact PV,2009-10,229671,North,Hybrid,Manual,Government
Total Passenger Vehicles,Compact PV,2009-10,219935,West,Hybrid,Automatic,Commercial
Total Passenger Vehicles,Mid PV,2009-10,1091424,South,CNG,Manual,Private
Total Passenger Vehicles,Mid PV,2009-10,1095464,West,Petrol,Automatic,Private
Total Passenger Vehicles,Mid PV,2009-10,901129,Central,Hybrid,Manual,Private
Total Passenger Vehicles,Large PV,2009-10,1194063,North,Petrol,Automatic,Export
Total Passenger Vehicles,Large PV,2009-10,952285,North,Hybrid,Automatic,Government
Total Passenger Vehicles,Large PV,2009-10,1251443,North,Electric,Manual,Private
MandHCVs,Heavy Truck,2009-10,9537,Central,Diesel,Automatic,Commercial
MandHCVs,Heavy Truck,2009-10,9448,East,Petrol,Automatic,Private
MandHCVs,Heavy Truck,2009-10,13093,South,Electric,Automatic,Commercial
MandHCVs,Heavy Truck,2009-10,10738,East,Hybrid,Automatic,Commercial
MandHCVs,Medium Truck,2009-10,228136,Central,Hybrid,Manual,Export
MandHCVs,Medium Truck,2009-10,254881,North,Diesel,Manual,Private
MandHCVs,Medium Truck,2009-10,217621,North,Petrol,Automatic,Private
MandHCVs,Medium Truck,2009-10,230906,West,Diesel,Automatic,Commercial
LCVs,Mini Truck,2009-10,183984,North,Hybrid,Automatic,Commercial
LCVs,Mini Truck,2009-10,151525,West,Electric,Automatic,Private
LCVs,Light Truck,2009-10,138031,North,Petrol,Manual,Government
LCVs,Light Truck,2009-10,150887,North,Electric,Automatic,Commercial
LCVs,Light Truck,2009-10,104829,North,Petrol,Automatic,Government
Total CVs,General,2009-10,488934,East,Hybrid,Manual,Private
Total CVs,General,2009-10,645946,South,Electric,Manual,Commercial
Total CVs,General,2009-10,513075,North,Diesel,Manual,Export
Three Wheelers,Passenger 3W,2009-10,247812,West,Petrol,Automatic,Private
Three Wheelers,Passenger 3W,2009-10,318661,East,Petrol,Manual,Government
Three Wheelers,Passenger 3W,2009-10,297544,West,Petrol,Automatic,Private
Three Wheelers,Passenger 3W,2009-10,295861,North,Hybrid,Manual,Private
Three Wheelers,Cargo 3W,2009-10,273797,Central,Petrol,Manual,Export
Three Wheelers,Cargo 3W,2009-10,335773,West,Diesel,Automatic,Private
Scooters,General,2009-10,1658663,Central,Hybrid,Automatic,Commercial
Scooters,General,2009-10,1271988,Central,Petrol,Automatic,Government
Scooters,General,2009-10,1268410,South,Petrol,Automatic,Export
Scooters,General,2009-10,1472234,Central,Diesel,Automatic,Commercial
Motorcycles,General,2009-10,7062339,South,Petrol,Manual,Commercial
Motorcycles,General,2009-10,9212663,East,Hybrid,Automatic,Private
Motorcycles,General,2009-10,8691427,East,Electric,Automatic,Private
Motorcycles,General,2009-10,7553137,South,Diesel,Manual,Private
Mopeds,General,2009-10,595988,West,CNG,Manual,Government
Mopeds,General,2009-10,629383,North,Electric,Automatic,Export
Mopeds,General,2009-10,681549,West,Hybrid,Automatic,Export
Mopeds,General,2009-10,560859,West,Petrol,Automatic,Export
Electric Two Wheelers,General,2009-10,2506,East,Petrol,Automatic,Commercial
Electric Two Wheelers,General,2009-10,2979,West,Petrol,Manual,Government
Electric Two Wheelers,General,2009-10,2632,Central,Petrol,Automatic,Commercial
Electric Two Wheelers,General,2009-10,2887,South,CNG,Manual,Export
Total Two Wheelers,General,2009-10,10831345,Central,Petrol,Automatic,Government
Total Two Wheelers,General,2009-10,8478344,West,Petrol,Manual,Government
Total Two Wheelers,General,2009-10,12339226,East,Electric,Manual,Government
Grand Total,General,2009-10,16635493,Central,Electric,Manual,Private
Grand Total,General,2009-10,15162383,Central,CNG,Manual,Private
Passenger Cars,Hatchback,2010-11,117950,Central,Petrol,Automatic,Commercial
Passenger Cars,Hatchback,2010-11,134188,East,CNG,Manual,Export
Passenger Cars,Sedan,2010-11,1273265,Central,CNG,Manual,Export
Passenger Cars,Sedan,2010-11,1528356,North,Electric,Automatic,Government
Passenger Cars,Sedan,2010-11,1470172,East,Petrol,Manual,Private
Passenger Cars,SUV,2010-11,704356,South,Petrol,Manual,Export
Passenger Cars,SUV,2010-11,835269,North,Electric,Manual,Commercial
Passenger Cars,Luxury,2010-11,184701,East,Petrol,Automatic,Government
Passenger Cars,Luxury,2010-11,195857,Central,Electric,Automatic,Government
Utility Vehicles,Pickup,2010-11,46340,South,Petrol,Automatic,Commercial
Utility Vehicles,Pickup,2010-11,66060,East,Petrol,Automatic,Commercial
Utility Vehicles,Jeep,2010-11,135206,South,Electric,Manual,Government
Utility Vehicles,Jeep,2010-11,94362,East,Petrol,Manual,Private
Utility Vehicles,Jeep,2010-11,116431,West,CNG,Automatic,Commercial
Utility Vehicles,Mini-SUV,2010-11,144992,East,Hybrid,Manual,Commercial
Utility Vehicles,Mini-SUV,2010-11,133304,Central,Hybrid,Automatic,Government
Utility Vehicles,Mini-SUV,2010-11,134065,West,CNG,Automatic,Commercial
Vans,Mini Van,2010-11,204557,South,Petrol,Automatic,Government
Vans,Mini Van,2010-11,166507,North,Hybrid,Manual,Export
Vans,Mini Van,2010-11,210753,West,Hybrid,Manual,Government
Vans,Mini Van,2010-11,168205,North,Diesel,Manual,Export
Vans,Full Van,2010-11,38077,Central,Diesel,Manual,Export
Vans,Full Van,2010-11,30672,West,CNG,Manual,Government
Vans,Full Van,2010-11,32315,East,Diesel,Manual,Government
Total Passenger Vehicles,Compact PV,2010-11,958752,East,Petrol,Automatic,Government
Total Passenger Vehicles,Compact PV,2010-11,898354,East,Electric,Manual,Export
Total Passenger Vehicles,Compact PV,2010-11,1054522,North,CNG,Manual,Private
Total Passenger Vehicles,Compact PV,2010-11,1203194,West,Petrol,Manual,Export
Total Passenger Vehicles,Mid PV,2010-11,1116317,North,Diesel,Manual,Private
Total Passenger Vehicles,Mid PV,2010-11,1146238,West,Hybrid,Manual,Government
Total Passenger Vehicles,Mid PV,2010-11,1194372,West,Diesel,Manual,Government
Total Passenger Vehicles,Mid PV,2010-11,1023993,West,Hybrid,Automatic,Government
Total Passenger Vehicles,Large PV,2010-11,782043,South,Electric,Manual,Commercial
Total Passenger Vehicles,Large PV,2010-11,599539,West,Petrol,Automatic,Commercial
MandHCVs,Heavy Truck,2010-11,36986,North,CNG,Manual,Commercial
MandHCVs,Heavy Truck,2010-11,36429,Central,CNG,Manual,Private
MandHCVs,Medium Truck,2010-11,361663,West,Hybrid,Manual,Commercial
MandHCVs,Medium Truck,2010-11,348116,North,Diesel,Automatic,Government
MandHCVs,Medium Truck,2010-11,308991,East,Hybrid,Automatic,Private
MandHCVs,Medium Truck,2010-11,297078,North,Hybrid,Automatic,Private
LCVs,Mini Truck,2010-11,352093,East,Electric,Manual,Commercial
LCVs,Mini Truck,2010-11,287128,East,Hybrid,Manual,Government
LCVs,Mini Truck,2010-11,338142,Central,Electric,Manual,Government
LCVs,Light Truck,2010-11,78803,South,Diesel,Manual,Commercial
LCVs,Light Truck,2010-11,79492,Central,Electric,Automatic,Government
LCVs,Light Truck,2010-11,85701,Central,Electric,Manual,Commercial
LCVs,Light Truck,2010-11,91838,South,Diesel,Automatic,Commercial
Total CVs,General,2010-11,701490,East,Electric,Manual,Export
Total CVs,General,2010-11,885948,West,Hybrid,Automatic,Commercial
Total CVs,General,2010-11,853897,South,Electric,Manual,Commercial
Three Wheelers,Passenger 3W,2010-11,200057,North,Electric,Manual,Commercial
Three Wheelers,Passenger 3W,2010-11,156832,Central,Petrol,Automatic,Government
Three Wheelers,Passenger 3W,2010-11,144789,West,Diesel,Automatic,Private
Three Wheelers,Passenger 3W,2010-11,177787,Central,CNG,Automatic,Export
Three Wheelers,Cargo 3W,2010-11,539902,West,Electric,Automatic,Export
Three Wheelers,Cargo 3W,2010-11,564745,West,Hybrid,Automatic,Commercial
Three Wheelers,Cargo 3W,2010-11,556173,East,Hybrid,Manual,Private
Three Wheelers,Cargo 3W,2010-11,598636,Central,Diesel,Automatic,Commercial
Scooters,General,2010-11,2446407,North,CNG,Automatic,Commercial
Scooters,General,2010-11,1931454,East,Diesel,Manual,Private
Scooters,General,2010-11,2297693,West,Diesel,Manual,Commercial
Scooters,General,2010-11,2297670,South,Hybrid,Manual,Export
Motorcycles,General,2010-11,10146283,North,Diesel,Manual,Government
Motorcycles,General,2010-11,9670908,Central,CNG,Automatic,Government
Motorcycles,General,2010-11,12560683,South,Hybrid,Manual,Export
Motorcycles,General,2010-11,10708416,North,Diesel,Manual,Government
Mopeds,General,2010-11,789539,Central,Petrol,Automatic,Government
Mopeds,General,2010-11,769492,South,Electric,Manual,Export
Mopeds,General,2010-11,568451,East,Petrol,Automatic,Private
Total Two Wheelers,General,2010-11,13685199,West,Petrol,Manual,Commercial
Total Two Wheelers,General,2010-11,12283247,South,Electric,Automatic,Commercial
Total Two Wheelers,General,2010-11,11028648,North,Petrol,Manual,Export
Grand Total,General,2010-11,17420865,East,Petrol,Manual,Private
Grand Total,General,2010-11,16858852,Central,Petrol,Manual,Private
Grand Total,General,2010-11,15964774,East,Electric,Manual,Private
Passenger Cars,Hatchback,2011-12,924550,West,Petrol,Manual,Government
Passenger Cars,Hatchback,2011-12,849532,North,Hybrid,Manual,Export
Passenger Cars,Hatchback,2011-12,1044457,East,Petrol,Automatic,Private
Passenger Cars,Sedan,2011-12,1153591,Central,Electric,Automatic,Government
Passenger Cars,Sedan,2011-12,1116194,East,Diesel,Automatic,Private
Passenger Cars,Sedan,2011-12,1156965,South,Hybrid,Manual,Export
Passenger Cars,Sedan,2011-12,1035925,East,Petrol,Automatic,Private
Passenger Cars,SUV,2011-12,136524,East,Hybrid,Manual,Commercial
Passenger Cars,SUV,2011-12,124266,North,Electric,Automatic,Private
Passenger Cars,Luxury,2011-12,159693,North,Petrol,Manual,Commercial
Passenger Cars,Luxury,2011-12,170403,South,CNG,Manual,Government
Utility Vehicles,Pickup,2011-12,11200,East,Diesel,Automatic,Private
Utility Vehicles,Pickup,2011-12,9756,South,Hybrid,Manual,Export
Utility Vehicles,Pickup,2011-12,9651,West,Hybrid,Manual,Private
Utility Vehicles,Jeep,2011-12,367082,East,CNG,Manual,Private
Utility Vehicles,Jeep,2011-12,293675,Central,Hybrid,Manual,Private
Utility Vehicles,Jeep,2011-12,398866,East,Diesel,Automatic,Export
Utility Vehicles,Mini-SUV,2011-12,10354,South,Petrol,Manual,Private
Utility Vehicles,Mini-SUV,2011-12,9177,North,Petrol,Manual,Government
Vans,Mini Van,2011-12,105571,North,Hybrid,Manual,Government
Vans,Mini Van,2011-12,97937,South,Diesel,Manual,Government
Vans,Mini Van,2011-12,112253,East,Hybrid,Automatic,Commercial
Vans,Full Van,2011-12,103540,East,Diesel,Manual,Government
Vans,Full Van,2011-12,140126,North,Petrol,Automatic,Commercial
Total Passenger Vehicles,Compact PV,2011-12,962436,Central,Electric,Manual,Government
Total Passenger Vehicles,Compact PV,2011-12,1222679,East,Diesel,Automatic,Private
Total Passenger Vehicles,Compact PV,2011-12,1218478,Central,Hybrid,Automatic,Government
Total Passenger Vehicles,Mid PV,2011-12,516771,South,Hybrid,Automatic,Government
Total Passenger Vehicles,Mid PV,2011-12,660406,Central,Hybrid,Manual,Government
Total Passenger Vehicles,Mid PV,2011-12,632787,Central,Diesel,Automatic,Government
Total Passenger Vehicles,Mid PV,2011-12,665095,East,Electric,Automatic,Government
Total Passenger Vehicles,Large PV,2011-12,1528035,South,Diesel,Manual,Private
Total Passenger Vehicles,Large PV,2011-12,1536952,West,Electric,Manual,Commercial
Total Passenger Vehicles,Large PV,2011-12,1221421,East,Petrol,Automatic,Government
Total Passenger Vehicles,Large PV,2011-12,1220365,East,Diesel,Automatic,Commercial
MandHCVs,Heavy Truck,2011-12,145544,South,Hybrid,Manual,Commercial
MandHCVs,Heavy Truck,2011-12,116096,North,CNG,Manual,Government
MandHCVs,Heavy Truck,2011-12,120699,East,Electric,Manual,Export
MandHCVs,Medium Truck,2011-12,258352,East,CNG,Manual,Government
MandHCVs,Medium Truck,2011-12,300996,East,Electric,Manual,Commercial
LCVs,Mini Truck,2011-12,509306,Central,Electric,Automatic,Private
LCVs,Mini Truck,2011-12,433756,South,Hybrid,Automatic,Export
LCVs,Mini Truck,2011-12,546583,North,Hybrid,Automatic,Commercial
LCVs,Mini Truck,2011-12,428699,North,Electric,Automatic,Private
LCVs,Light Truck,2011-12,11272,Central,CNG,Automatic,Export
LCVs,Light Truck,2011-12,9282,Central,CNG,Automatic,Commercial
LCVs,Light Truck,2011-12,12435,Central,Petrol,Automatic,Private
Total CVs,General,2011-12,1078068,North,Hybrid,Automatic,Private
Total CVs,General,2011-12,940098,South,Petrol,Automatic,Export
Total CVs,General,2011-12,827975,South,Hybrid,Manual,Commercial
Three Wheelers,Passenger 3W,2011-12,235671,East,Diesel,Manual,Export
Three Wheelers,Passenger 3W,2011-12,299393,Central,Diesel,Automatic,Private
Three Wheelers,Passenger 3W,2011-12,297196,West,CNG,Automatic,Commercial
Three Wheelers,Passenger 3W,2011-12,302685,Central,Diesel,Manual,Government
Three Wheelers,Cargo 3W,2011-12,581601,North,Diesel,Automatic,Government
Three Wheelers,Cargo 3W,2011-12,525816,South,Electric,Manual,Commercial
Scooters,General,2011-12,2508564,South,CNG,Automatic,Government
Scooters,General,2011-12,3043411,West,Petrol,Automatic,Export
Scooters,General,2011-12,2557669,Central,Hybrid,Automatic,Government
Motorcycles,General,2011-12,11757624,Central,Petrol,Manual,Commercial
Motorcycles,General,2011-12,13013968,Central,Electric,Automatic,Government
Motorcycles,General,2011-12,13796815,North,Electric,Automatic,Export
Mopeds,General,2011-12,635279,West,Petrol,Automatic,Commercial
Mopeds,General,2011-12,930000,South,Hybrid,Automatic,Commercial
Total Two Wheelers,General,2011-12,15254325,East,Petrol,Manual,Commercial
Total Two Wheelers,General,2011-12,12617975,East,Electric,Manual,Commercial
Grand Total,General,2011-12,20467006,West,Electric,Automatic,Private
Grand Total,General,2011-12,22624340,West,Electric,Manual,Private
Grand Total,General,2011-12,17266029,Central,Petrol,Manual,Commercial
Grand Total,General,2011-12,18897135,East,CNG,Automatic,Export
Passenger Cars,Hatchback,2012-13,1205208,Central,CNG,Automatic,Export
Passenger Cars,Hatchback,2012-13,890411,Central,CNG,Manual,Commercial
Passenger Cars,Sedan,2012-13,625333,East,Diesel,Manual,Export
Passenger Cars,Sedan,2012-13,875628,South,Electric,Automatic,Commercial
Passenger Cars,Sedan,2012-13,748452,South,CNG,Manual,Government
Passenger Cars,Sedan,2012-13,654005,North,CNG,Automatic,Government
Passenger Cars,SUV,2012-13,434878,East,Hybrid,Automatic,Private
Passenger Cars,SUV,2012-13,395467,West,Hybrid,Manual,Government
Passenger Cars,SUV,2012-13,338864,East,Diesel,Automatic,Commercial
Passenger Cars,Luxury,2012-13,273959,Central,Diesel,Manual,Private
Passenger Cars,Luxury,2012-13,267369,South,Electric,Manual,Private
Utility Vehicles,Pickup,2012-13,30273,West,Diesel,Manual,Government
Utility Vehicles,Pickup,2012-13,27928,Central,Electric,Manual,Export
Utility Vehicles,Pickup,2012-13,39094,North,CNG,Automatic,Export
Utility Vehicles,Jeep,2012-13,166909,Central,Diesel,Automatic,Private
Utility Vehicles,Jeep,2012-13,158532,Central,Hybrid,Manual,Government
Utility Vehicles,Jeep,2012-13,129099,South,Electric,Manual,Government
Utility Vehicles,Mini-SUV,2012-13,407327,Central,Diesel,Automatic,Private
Utility Vehicles,Mini-SUV,2012-13,426547,North,Hybrid,Manual,Export
Utility Vehicles,Mini-SUV,2012-13,348582,South,Diesel,Manual,Private
Vans,Mini Van,2012-13,159264,West,Hybrid,Manual,Export
Vans,Mini Van,2012-13,143416,East,Electric,Manual,Government
Vans,Full Van,2012-13,86899,East,CNG,Automatic,Export
Vans,Full Van,2012-13,68725,Central,Electric,Automatic,Commercial
Vans,Full Van,2012-13,61578,East,Petrol,Manual,Commercial
Vans,Full Van,2012-13,79831,South,Diesel,Automatic,Private
Total Passenger Vehicles,Compact PV,2012-13,482953,Central,Petrol,Automatic,Commercial
Total Passenger Vehicles,Compact PV,2012-13,493429,Central,Hybrid,Manual,Government
Total Passenger Vehicles,Compact PV,2012-13,461945,West,Diesel,Automatic,Export
Total Passenger Vehicles,Mid PV,2012-13,410534,Central,Electric,Automatic,Export
Total Passenger Vehicles,Mid PV,2012-13,517709,East,Hybrid,Automatic,Export
Total Passenger Vehicles,Large PV,2012-13,2153348,West,Diesel,Automatic,Commercial
Total Passenger Vehicles,Large PV,2012-13,2086155,West,CNG,Manual,Export
MandHCVs,Heavy Truck,2012-13,238701,South,Electric,Automatic,Government
MandHCVs,Heavy Truck,2012-13,210313,South,Hybrid,Manual,Private
MandHCVs,Heavy Truck,2012-13,236037,South,Petrol,Manual,Private
MandHCVs,Medium Truck,2012-13,68512,North,Petrol,Manual,Export
MandHCVs,Medium Truck,2012-13,71108,North,Petrol,Automatic,Government
LCVs,Mini Truck,2012-13,377406,North,CNG,Manual,Government
LCVs,Mini Truck,2012-13,314344,South,Hybrid,Automatic,Export
LCVs,Mini Truck,2012-13,324286,East,Petrol,Manual,Commercial
LCVs,Light Truck,2012-13,232250,Central,Petrol,Automatic,Export
LCVs,Light Truck,2012-13,218167,Central,Petrol,Manual,Government
LCVs,Light Truck,2012-13,270334,South,CNG,Automatic,Government
LCVs,Light Truck,2012-13,216864,Central,Petrol,Automatic,Government
Total CVs,General,2012-13,949864,East,Hybrid,Manual,Private
Total CVs,General,2012-13,993281,North,Petrol,Manual,Export
Three Wheelers,Passenger 3W,2012-13,661657,Central,CNG,Automatic,Export
Three Wheelers,Passenger 3W,2012-13,649453,South,Hybrid,Manual,Commercial
Three Wheelers,Passenger 3W,2012-13,684250,North,Electric,Manual,Commercial
Three Wheelers,Passenger 3W,2012-13,598193,West,Electric,Manual,Government
Three Wheelers,Cargo 3W,2012-13,269792,North,Diesel,Automatic,Government
Three Wheelers,Cargo 3W,2012-13,260198,West,CNG,Automatic,Private
Three Wheelers,Cargo 3W,2012-13,309779,East,Diesel,Automatic,Private
Three Wheelers,Cargo 3W,2012-13,207529,Central,Diesel,Automatic,Commercial
Scooters,General,2012-13,2610547,West,Petrol,Manual,Export
Scooters,General,2012-13,2786011,Central,Electric,Manual,Export
Scooters,General,2012-13,2767537,West,Electric,Automatic,Government
Scooters,General,2012-13,2604431,North,Petrol,Manual,Export
Motorcycles,General,2012-13,10847130,West,Electric,Manual,Private
Motorcycles,General,2012-13,11292042,North,Hybrid,Automatic,Export
Motorcycles,General,2012-13,14340273,West,CNG,Manual,Government
Mopeds,General,2012-13,849896,West,Diesel,Manual,Export
Mopeds,General,2012-13,794653,West,CNG,Manual,Government
Total Two Wheelers,General,2012-13,15862290,North,Electric,Manual,Export
Total Two Wheelers,General,2012-13,13327291,East,CNG,Automatic,Government
Grand Total,General,2012-13,20595165,West,CNG,Manual,Private
Grand Total,General,2012-13,16820437,West,Petrol,Manual,Private
Grand Total,General,2012-13,19774556,West,Electric,Automatic,Commercial
Passenger Cars,Hatchback,2013-14,1004204,North,CNG,Automatic,Government
Passenger Cars,Hatchback,2013-14,787532,East,Electric,Automatic,Export
Passenger Cars,Hatchback,2013-14,1017929,Central,Electric,Manual,Government
Passenger Cars,Hatchback,2013-14,974880,North,Petrol,Automatic,Commercial
Passenger Cars,Sedan,2013-14,417349,West,Diesel,Automatic,Commercial
Passenger Cars,Sedan,2013-14,411083,Central,Hybrid,Manual,Government
Passenger Cars,SUV,2013-14,437431,Central,Hybrid,Manual,Government
Passenger Cars,SUV,2013-14,395767,East,Petrol,Manual,Commercial
Passenger Cars,SUV,2013-14,482188,North,Petrol,Automatic,Export
Passenger Cars,Luxury,2013-14,637564,West,Electric,Automatic,Private
Passenger Cars,Luxury,2013-14,776898,South,Hybrid,Automatic,Export
Utility Vehicles,Pickup,2013-14,361095,North,CNG,Automatic,Commercial
Utility Vehicles,Pickup,2013-14,322550,North,Hybrid,Automatic,Private
Utility Vehicles,Jeep,2013-14,37623,East,Hybrid,Manual,Export
Utility Vehicles,Jeep,2013-14,34222,West,CNG,Manual,Export
Utility Vehicles,Jeep,2013-14,42810,Central,CNG,Manual,Government
Utility Vehicles,Mini-SUV,2013-14,204377,East,CNG,Automatic,Private
Utility Vehicles,Mini-SUV,2013-14,196384,East,CNG,Automatic,Private
Utility Vehicles,Mini-SUV,2013-14,229679,Central,Hybrid,Manual,Export
Vans,Mini Van,2013-14,40470,West,Hybrid,Manual,Private
Vans,Mini Van,2013-14,43034,East,Diesel,Automatic,Export
Vans,Mini Van,2013-14,32529,West,Electric,Manual,Commercial
Vans,Full Van,2013-14,157317,East,Hybrid,Automatic,Commercial
Vans,Full Van,2013-14,125610,Central,Hybrid,Manual,Export
Vans,Full Van,2013-14,187170,East,Diesel,Manual,Private
Vans,Full Van,2013-14,129012,West,Petrol,Manual,Private
Total Passenger Vehicles,Compact PV,2013-14,1592013,Central,Petrol,Manual,Export
Total Passenger Vehicles,Compact PV,2013-14,1636454,South,CNG,Automatic,Government
Total Passenger Vehicles,Mid PV,2013-14,1008711,East,Diesel,Manual,Government
Total Passenger Vehicles,Mid PV,2013-14,798880,West,Electric,Automatic,Commercial
Total Passenger Vehicles,Mid PV,2013-14,895052,North,Electric,Automatic,Export
Total Passenger Vehicles,Mid PV,2013-14,947160,West,Petrol,Manual,Government
Total Passenger Vehicles,Large PV,2013-14,317051,North,Petrol,Manual,Commercial
Total Passenger Vehicles,Large PV,2013-14,237147,West,CNG,Automatic,Export
Total Passenger Vehicles,Large PV,2013-14,316410,West,Electric,Automatic,Government
MandHCVs,Heavy Truck,2013-14,124523,West,CNG,Manual,Private
MandHCVs,Heavy Truck,2013-14,92519,Central,Electric,Manual,Export
MandHCVs,Medium Truck,2013-14,115280,East,Hybrid,Manual,Government
MandHCVs,Medium Truck,2013-14,109740,South,CNG,Manual,Commercial
MandHCVs,Medium Truck,2013-14,132517,South,Hybrid,Manual,Private
MandHCVs,Medium Truck,2013-14,103728,Central,Electric,Manual,Export
LCVs,Mini Truck,2013-14,141543,West,Electric,Manual,Commercial
LCVs,Mini Truck,2013-14,161779,East,CNG,Automatic,Government
LCVs,Mini Truck,2013-14,127229,East,Petrol,Automatic,Government
LCVs,Light Truck,2013-14,269547,South,Hybrid,Automatic,Government
LCVs,Light Truck,2013-14,344909,West,CNG,Automatic,Private
LCVs,Light Truck,2013-14,304538,West,Electric,Manual,Government
Total CVs,General,2013-14,699204,West,Diesel,Manual,Government
Total CVs,General,2013-14,753614,Central,Petrol,Automatic,Export
Total CVs,General,2013-14,840780,North,Petrol,Automatic,Commercial
Three Wheelers,Passenger 3W,2013-14,468368,Central,Petrol,Manual,Export
Three Wheelers,Passenger 3W,2013-14,426104,North,Hybrid,Manual,Export
Three Wheelers,Cargo 3W,2013-14,478771,West,Diesel,Manual,Government
Three Wheelers,Cargo 3W,2013-14,389298,South,Electric,Manual,Commercial
Three Wheelers,Cargo 3W,2013-14,434105,West,Petrol,Automatic,Commercial
Three Wheelers,Cargo 3W,2013-14,500660,North,Petrol,Automatic,Government
Scooters,General,2013-14,3198690,South,Electric,Automatic,Private
Scooters,General,2013-14,4387031,West,CNG,Manual,Government
Motorcycles,General,2013-14,10779834,West,Petrol,Manual,Commercial
Motorcycles,General,2013-14,12100226,North,Hybrid,Automatic,Commercial
Motorcycles,General,2013-14,11949445,North,Electric,Automatic,Private
Mopeds,General,2013-14,840943,West,Electric,Automatic,Government
Mopeds,General,2013-14,624616,South,CNG,Manual,Private
Mopeds,General,2013-14,816205,North,CNG,Manual,Export
Mopeds,General,2013-14,620296,Central,Electric,Manual,Government
Total Two Wheelers,General,2013-14,14677352,West,Diesel,Automatic,Private
Total Two Wheelers,General,2013-14,15693437,Central,Petrol,Automatic,Commercial
Total Two Wheelers,General,2013-14,19241860,East,Hybrid,Automatic,Commercial
Total Two Wheelers,General,2013-14,13778677,South,Hybrid,Manual,Government
Grand Total,General,2013-14,20024660,East,CNG,Automatic,Government
Grand Total,General,2013-14,24903518,East,Diesel,Manual,Commercial
Passenger Cars,Hatchback,2014-15,1468216,South,CNG,Manual,Private
Passenger Cars,Hatchback,2014-15,1451298,South,Electric,Manual,Private
Passenger Cars,Hatchback,2014-15,1549830,South,Electric,Automatic,Commercial
Passenger Cars,Hatchback,2014-15,1415163,North,Diesel,Manual,Commercial
Passenger Cars,Sedan,2014-15,327393,West,CNG,Manual,Government
Passenger Cars,Sedan,2014-15,348155,West,Diesel,Manual,Export
Passenger Cars,SUV,2014-15,667551,Central,Petrol,Automatic,Government
Passenger Cars,SUV,2014-15,762418,Central,Hybrid,Automatic,Export
Passenger Cars,SUV,2014-15,684911,East,Diesel,Manual,Private
Passenger Cars,Luxury,2014-15,157876,West,Electric,Manual,Private
Passenger Cars,Luxury,2014-15,153193,South,Diesel,Manual,Export
Passenger Cars,Luxury,2014-15,159857,East,Petrol,Automatic,Private
Passenger Cars,Luxury,2014-15,157697,Central,Diesel,Manual,Commercial
Utility Vehicles,Pickup,2014-15,116411,East,Hybrid,Automatic,Commercial
Utility Vehicles,Pickup,2014-15,143725,East,CNG,Automatic,Export
Utility Vehicles,Jeep,2014-15,293017,West,Electric,Manual,Private
Utility Vehicles,Jeep,2014-15,288919,East,Petrol,Manual,Export
Utility Vehicles,Mini-SUV,2014-15,235433,West,Electric,Automatic,Export
Utility Vehicles,Mini-SUV,2014-15,179230,Central,CNG,Manual,Private
Vans,Mini Van,2014-15,8925,Central,Diesel,Automatic,Private
Vans,Mini Van,2014-15,8614,South,Petrol,Automatic,Commercial
Vans,Full Van,2014-15,152266,East,Petrol,Manual,Export
Vans,Full Van,2014-15,169214,West,Hybrid,Automatic,Commercial
Vans,Full Van,2014-15,195611,South,Diesel,Automatic,Private
Vans,Full Van,2014-15,185512,East,Petrol,Manual,Private
Total Passenger Vehicles,Compact PV,2014-15,839273,South,Hybrid,Manual,Government
Total Passenger Vehicles,Compact PV,2014-15,735233,Central,CNG,Manual,Government
Total Passenger Vehicles,Compact PV,2014-15,923161,East,Hybrid,Automatic,Private
Total Passenger Vehicles,Mid PV,2014-15,1499228,South,Petrol,Manual,Government
Total Passenger Vehicles,Mid PV,2014-15,1832656,North,Electric,Manual,Commercial
Total Passenger Vehicles,Mid PV,2014-15,1706642,South,Electric,Automatic,Commercial
Total Passenger Vehicles,Large PV,2014-15,435771,South,Electric,Automatic,Private
Total Passenger Vehicles,Large PV,2014-15,632199,East,Hybrid,Manual,Government
Total Passenger Vehicles,Large PV,2014-15,444185,East,Hybrid,Automatic,Government
Total Passenger Vehicles,Large PV,2014-15,573383,East,Hybrid,Automatic,Commercial
MandHCVs,Heavy Truck,2014-15,146570,West,Diesel,Automatic,Private
MandHCVs,Heavy Truck,2014-15,140179,North,Electric,Manual,Private
MandHCVs,Heavy Truck,2014-15,154710,North,Hybrid,Manual,Export
MandHCVs,Heavy Truck,2014-15,189045,North,Petrol,Manual,Private
MandHCVs,Medium Truck,2014-15,108962,West,CNG,Manual,Export
MandHCVs,Medium Truck,2014-15,79366,East,Petrol,Manual,Government
LCVs,Mini Truck,2014-15,84937,North,Diesel,Manual,Export
LCVs,Mini Truck,2014-15,102271,East,CNG,Manual,Private
LCVs,Mini Truck,2014-15,84155,East,Hybrid,Manual,Government
LCVs,Light Truck,2014-15,378673,South,CNG,Automatic,Commercial
LCVs,Light Truck,2014-15,404468,South,Electric,Manual,Private
Total CVs,General,2014-15,648766,South,Petrol,Automatic,Government
Total CVs,General,2014-15,678074,South,Petrol,Manual,Private
Three Wheelers,Passenger 3W,2014-15,821133,East,Electric,Automatic,Government
Three Wheelers,Passenger 3W,2014-15,677791,East,Electric,Manual,Export
Three Wheelers,Passenger 3W,2014-15,736778,Central,Electric,Manual,Commercial
Three Wheelers,Cargo 3W,2014-15,272498,West,Diesel,Manual,Private
Three Wheelers,Cargo 3W,2014-15,257093,South,Hybrid,Automatic,Private
Scooters,General,2014-15,4045184,West,CNG,Automatic,Commercial
Scooters,General,2014-15,4391805,South,Petrol,Automatic,Export
Motorcycles,General,2014-15,12612919,North,Diesel,Automatic,Government
Motorcycles,General,2014-15,15460680,North,Diesel,Manual,Export
Motorcycles,General,2014-15,14619236,Central,Diesel,Automatic,Export
Motorcycles,General,2014-15,14746720,South,Hybrid,Automatic,Government
Mopeds,General,2014-15,741655,East,Petrol,Manual,Commercial
Mopeds,General,2014-15,748665,West,Diesel,Manual,Government
Mopeds,General,2014-15,727702,West,Petrol,Automatic,Commercial
Mopeds,General,2014-15,829752,South,Electric,Manual,Private
Total Two Wheelers,General,2014-15,21990235,North,Electric,Manual,Private
Total Two Wheelers,General,2014-15,21606830,Central,Petrol,Manual,Private
Total Two Wheelers,General,2014-15,18879950,North,CNG,Automatic,Export
Total Two Wheelers,General,2014-15,21558136,Central,Electric,Manual,Export
Grand Total,General,2014-15,21047011,West,Diesel,Automatic,Government
Grand Total,General,2014-15,23586346,South,Hybrid,Automatic,Government
Grand Total,General,2014-15,20654380,North,Diesel,Automatic,Private
Grand Total,General,2014-15,20653575,North,Petrol,Automatic,Private
Passenger Cars,Hatchback,2015-16,483170,Central,Electric,Automatic,Government
Passenger Cars,Hatchback,2015-16,532017,Central,Petrol,Automatic,Export
Passenger Cars,Sedan,2015-16,702689,East,Petrol,Automatic,Private
Passenger Cars,Sedan,2015-16,643931,South,Diesel,Automatic,Commercial
Passenger Cars,Sedan,2015-16,644605,South,Electric,Automatic,Government
Passenger Cars,SUV,2015-16,767269,East,Hybrid,Automatic,Private
Passenger Cars,SUV,2015-16,923835,North,Petrol,Automatic,Export
Passenger Cars,SUV,2015-16,661040,East,Diesel,Automatic,Commercial
Passenger Cars,SUV,2015-16,738105,West,Petrol,Manual,Private
Passenger Cars,Luxury,2015-16,687887,North,Hybrid,Manual,Government
Passenger Cars,Luxury,2015-16,574955,South,Electric,Automatic,Private
Passenger Cars,Luxury,2015-16,671864,East,CNG,Manual,Government
Utility Vehicles,Pickup,2015-16,307332,Central,Hybrid,Automatic,Commercial
Utility Vehicles,Pickup,2015-16,230198,South,Diesel,Automatic,Private
Utility Vehicles,Pickup,2015-16,235357,East,CNG,Automatic,Government
Utility Vehicles,Pickup,2015-16,265618,North,Electric,Manual,Government
Utility Vehicles,Jeep,2015-16,26429,North,Petrol,Automatic,Government
Utility Vehicles,Jeep,2015-16,27609,North,Diesel,Manual,Commercial
Utility Vehicles,Jeep,2015-16,25406,South,Hybrid,Automatic,Private
Utility Vehicles,Mini-SUV,2015-16,346262,East,Petrol,Manual,Export
Utility Vehicles,Mini-SUV,2015-16,383719,South,CNG,Manual,Government
Utility Vehicles,Mini-SUV,2015-16,440750,West,Electric,Manual,Private
Utility Vehicles,Mini-SUV,2015-16,372540,South,Diesel,Manual,Private
Vans,Mini Van,2015-16,183234,Central,Diesel,Manual,Private
Vans,Mini Van,2015-16,143526,East,Diesel,Automatic,Export
Vans,Mini Van,2015-16,138788,North,Electric,Automatic,Export
Vans,Full Van,2015-16,15742,West,Electric,Automatic,Government
Vans,Full Van,2015-16,20411,South,CNG,Manual,Private
Vans,Full Van,2015-16,15566,Central,CNG,Manual,Government
Total Passenger Vehicles,Compact PV,2015-16,149543,West,Hybrid,Manual,Private
Total Passenger Vehicles,Compact PV,2015-16,184947,South,Diesel,Automatic,Government
Total Passenger Vehicles,Compact PV,2015-16,165215,East,Diesel,Automatic,Export
Total Passenger Vehicles,Compact PV,2015-16,161510,North,CNG,Manual,Government
Total Passenger Vehicles,Mid PV,2015-16,2996518,West,Hybrid,Manual,Commercial
Total Passenger Vehicles,Mid PV,2015-16,2089857,North,CNG,Automatic,Commercial
Total Passenger Vehicles,Mid PV,2015-16,2363484,South,Hybrid,Manual,Private
Total Passenger Vehicles,Mid PV,2015-16,2115987,South,Electric,Manual,Private
Total Passenger Vehicles,Large PV,2015-16,633854,East,Diesel,Manual,Commercial
Total Passenger Vehicles,Large PV,2015-16,683955,South,CNG,Automatic,Commercial
MandHCVs,Heavy Truck,2015-16,271064,East,Diesel,Automatic,Private
MandHCVs,Heavy Truck,2015-16,346550,North,Petrol,Manual,Private
MandHCVs,Medium Truck,2015-16,19329,East,Hybrid,Automatic,Private
MandHCVs,Medium Truck,2015-16,21226,Central,Petrol,Automatic,Government
MandHCVs,Medium Truck,2015-16,17353,North,CNG,Manual,Export
MandHCVs,Medium Truck,2015-16,17332,West,Electric,Manual,Commercial
LCVs,Mini Truck,2015-16,61358,West,Diesel,Automatic,Government
LCVs,Mini Truck,2015-16,57672,North,Petrol,Automatic,Private
LCVs,Light Truck,2015-16,351244,South,Diesel,Automatic,Government
LCVs,Light Truck,2015-16,417161,Central,Diesel,Automatic,Export
Total CVs,General,2015-16,887184,East,Petrol,Automatic,Private
Total CVs,General,2015-16,729785,West,Diesel,Manual,Government
Total CVs,General,2015-16,667541,East,Diesel,Automatic,Export
Three Wheelers,Passenger 3W,2015-16,519598,South,Diesel,Automatic,Government
Three Wheelers,Passenger 3W,2015-16,536735,West,Petrol,Automatic,Export
Three Wheelers,Passenger 3W,2015-16,591953,West,Diesel,Automatic,Export
Three Wheelers,Passenger 3W,2015-16,473289,West,Hybrid,Manual,Government
Three Wheelers,Cargo 3W,2015-16,340754,East,CNG,Automatic,Commercial
Three Wheelers,Cargo 3W,2015-16,388424,Central,Hybrid,Automatic,Commercial
Three Wheelers,Cargo 3W,2015-16,459468,West,Diesel,Automatic,Export
Three Wheelers,Cargo 3W,2015-16,462632,West,Petrol,Manual,Commercial
Scooters,General,2015-16,4421011,West,Diesel,Automatic,Private
Scooters,General,2015-16,6220139,Central,Petrol,Automatic,Private
Scooters,General,2015-16,5149469,North,CNG,Manual,Private
Scooters,General,2015-16,4499927,Central,Petrol,Manual,Export
Motorcycles,General,2015-16,15402366,Central,Hybrid,Automatic,Export
Motorcycles,General,2015-16,10681815,East,Diesel,Manual,Government
Motorcycles,General,2015-16,12134551,West,Electric,Manual,Private
Motorcycles,General,2015-16,12580561,East,Petrol,Automatic,Government
Mopeds,General,2015-16,652336,East,Electric,Automatic,Private
Mopeds,General,2015-16,697761,Central,CNG,Automatic,Private
Total Two Wheelers,General,2015-16,22489657,East,Hybrid,Manual,Commercial
Total Two Wheelers,General,2015-16,20387648,East,Electric,Manual,Commercial
Total Two Wheelers,General,2015-16,22048512,West,Petrol,Manual,Private
Total Two Wheelers,General,2015-16,15469658,East,CNG,Manual,Government
Grand Total,General,2015-16,26988150,West,Diesel,Manual,Commercial
Grand Total,General,2015-16,26107706,South,Diesel,Automatic,Government
Grand Total,General,2015-16,28336004,East,Petrol,Automatic,Private
Passenger Cars,Hatchback,2016-17,444999,North,Diesel,Automatic,Export
Passenger Cars,Hatchback,2016-17,421687,West,Electric,Automatic,Private
Passenger Cars,Hatchback,2016-17,504054,North,Hybrid,Manual,Commercial
Passenger Cars,Hatchback,2016-17,428031,North,CNG,Manual,Export
Passenger Cars,Sedan,2016-17,769087,South,Electric,Automatic,Commercial
Passenger Cars,Sedan,2016-17,837729,West,CNG,Manual,Export
Passenger Cars,Sedan,2016-17,830127,South,Electric,Automatic,Commercial
Passenger Cars,SUV,2016-17,145460,West,Electric,Automatic,Private
Passenger Cars,SUV,2016-17,123224,North,Petrol,Automatic,Commercial
Passenger Cars,SUV,2016-17,165636,South,Electric,Manual,Government
Passenger Cars,Luxury,2016-17,1352732,East,Petrol,Manual,Government
Passenger Cars,Luxury,2016-17,1327508,North,CNG,Manual,Export
Passenger Cars,Luxury,2016-17,1096870,South,Diesel,Manual,Commercial
Passenger Cars,Luxury,2016-17,1233465,East,Hybrid,Manual,Government
Utility Vehicles,Pickup,2016-17,191047,West,CNG,Automatic,Private
Utility Vehicles,Pickup,2016-17,152388,Central,Electric,Automatic,Commercial
Utility Vehicles,Jeep,2016-17,239029,North,Diesel,Manual,Private
Utility Vehicles,Jeep,2016-17,183830,North,Electric,Manual,Export
Utility Vehicles,Mini-SUV,2016-17,501070,North,Diesel,Manual,Private
Utility Vehicles,Mini-SUV,2016-17,582714,West,CNG,Automatic,Export
Vans,Mini Van,2016-17,78712,North,Electric,Manual,Private
Vans,Mini Van,2016-17,88750,North,Electric,Manual,Private
Vans,Full Van,2016-17,102532,Central,Diesel,Automatic,Commercial
Vans,Full Van,2016-17,104095,South,Hybrid,Automatic,Commercial
Vans,Full Van,2016-17,110265,Central,Hybrid,Manual,Private
Total Passenger Vehicles,Compact PV,2016-17,3049540,South,Hybrid,Automatic,Government
Total Passenger Vehicles,Compact PV,2016-17,2501789,North,Hybrid,Manual,Commercial
Total Passenger Vehicles,Mid PV,2016-17,828391,North,CNG,Manual,Export
Total Passenger Vehicles,Mid PV,2016-17,602435,Central,Electric,Automatic,Export
Total Passenger Vehicles,Mid PV,2016-17,775774,West,Electric,Manual,Government
Total Passenger Vehicles,Large PV,2016-17,571287,Central,Diesel,Manual,Export
Total Passenger Vehicles,Large PV,2016-17,633015,West,Electric,Automatic,Export
Total Passenger Vehicles,Large PV,2016-17,522039,West,Hybrid,Manual,Private
Total Passenger Vehicles,Large PV,2016-17,608573,West,CNG,Manual,Government
MandHCVs,Heavy Truck,2016-17,304298,Central,Diesel,Automatic,Commercial
MandHCVs,Heavy Truck,2016-17,259910,East,Petrol,Manual,Commercial
MandHCVs,Medium Truck,2016-17,92114,South,Petrol,Manual,Commercial
MandHCVs,Medium Truck,2016-17,69150,South,Petrol,Manual,Private
MandHCVs,Medium Truck,2016-17,78071,Central,CNG,Manual,Private
MandHCVs,Medium Truck,2016-17,91324,Central,Petrol,Manual,Government
LCVs,Mini Truck,2016-17,14640,North,Diesel,Manual,Export
LCVs,Mini Truck,2016-17,11409,South,Petrol,Manual,Export
LCVs,Mini Truck,2016-17,11314,West,Hybrid,Automatic,Export
LCVs,Light Truck,2016-17,375455,South,CNG,Manual,Government
LCVs,Light Truck,2016-17,548194,East,Diesel,Manual,Export
LCVs,Light Truck,2016-17,433509,East,Electric,Manual,Private
Total CVs,General,2016-17,913128,North,CNG,Manual,Private
Total CVs,General,2016-17,943749,North,Hybrid,Manual,Private
Total CVs,General,2016-17,791770,West,Petrol,Manual,Private
Three Wheelers,Passenger 3W,2016-17,565802,North,Hybrid,Manual,Export
Three Wheelers,Passenger 3W,2016-17,412167,Central,CNG,Manual,Private
Three Wheelers,Cargo 3W,2016-17,325620,East,Diesel,Manual,Government
Three Wheelers,Cargo 3W,2016-17,285529,Central,Diesel,Manual,Commercial
Scooters,General,2016-17,6916294,North,Petrol,Manual,Government
Scooters,General,2016-17,5937437,Central,CNG,Manual,Export
Motorcycles,General,2016-17,12636403,West,CNG,Automatic,Private
Motorcycles,General,2016-17,12170432,South,CNG,Manual,Export
Mopeds,General,2016-17,990103,North,Electric,Automatic,Private
Mopeds,General,2016-17,791493,North,CNG,Manual,Commercial
Mopeds,General,2016-17,931179,South,CNG,Manual,Private
Total Two Wheelers,General,2016-17,18490572,North,Electric,Manual,Government
Total Two Wheelers,General,2016-17,17785178,North,CNG,Automatic,Export
Total Two Wheelers,General,2016-17,21816547,Central,Electric,Manual,Government
Total Two Wheelers,General,2016-17,16445124,South,Electric,Manual,Government
Quadricycle,General,2016-17,1635,Central,Diesel,Manual,Private
Quadricycle,General,2016-17,1651,North,Petrol,Automatic,Export
Quadricycle,General,2016-17,1531,Central,Petrol,Manual,Private
Quadricycle,General,2016-17,1835,Central,Hybrid,Automatic,Export
Grand Total,General,2016-17,29547692,East,Petrol,Automatic,Export
Grand Total,General,2016-17,28205366,South,Hybrid,Manual,Government
Grand Total,General,2016-17,28436750,South,Hybrid,Automatic,Government
Grand Total,General,2016-17,23808919,West,Hybrid,Automatic,Export
Passenger Cars,Hatchback,2017-18,332875,South,Diesel,Manual,Export
Passenger Cars,Hatchback,2017-18,315456,East,Hybrid,Manual,Export
Passenger Cars,Hatchback,2017-18,311141,West,Diesel,Manual,Government
Passenger Cars,Sedan,2017-18,281135,North,Petrol,Automatic,Commercial
Passenger Cars,Sedan,2017-18,273183,Central,Petrol,Automatic,Commercial
Passenger Cars,SUV,2017-18,1220372,Central,Diesel,Automatic,Private
Passenger Cars,SUV,2017-18,1751167,West,Hybrid,Manual,Export
Passenger Cars,SUV,2017-18,1442765,West,CNG,Manual,Private
Passenger Cars,Luxury,2017-18,91316,Central,Electric,Automatic,Private
Passenger Cars,Luxury,2017-18,92379,East,Petrol,Automatic,Commercial
Passenger Cars,Luxury,2017-18,96050,South,Diesel,Manual,Private
Utility Vehicles,Pickup,2017-18,314462,South,Petrol,Manual,Export
Utility Vehicles,Pickup,2017-18,358263,North,Petrol,Manual,Export
Utility Vehicles,Pickup,2017-18,355116,South,Hybrid,Automatic,Export
Utility Vehicles,Pickup,2017-18,330486,South,Petrol,Manual,Commercial
Utility Vehicles,Jeep,2017-18,411392,South,Petrol,Manual,Private
Utility Vehicles,Jeep,2017-18,398384,North,Petrol,Automatic,Export
Utility Vehicles,Jeep,2017-18,363446,Central,Hybrid,Manual,Commercial
Utility Vehicles,Jeep,2017-18,320073,South,Electric,Manual,Private
Utility Vehicles,Mini-SUV,2017-18,272421,East,Hybrid,Automatic,Export
Utility Vehicles,Mini-SUV,2017-18,284909,West,Petrol,Automatic,Commercial
Vans,Mini Van,2017-18,78131,East,Hybrid,Automatic,Commercial
Vans,Mini Van,2017-18,94456,North,Diesel,Manual,Export
Vans,Mini Van,2017-18,77476,West,Petrol,Manual,Government
Vans,Full Van,2017-18,133757,West,Diesel,Manual,Commercial
Vans,Full Van,2017-18,101619,West,Electric,Automatic,Export
Vans,Full Van,2017-18,114776,South,Hybrid,Manual,Export
Total Passenger Vehicles,Compact PV,2017-18,344710,East,Diesel,Automatic,Export
Total Passenger Vehicles,Compact PV,2017-18,310664,West,Electric,Manual,Government
Total Passenger Vehicles,Mid PV,2017-18,2308477,North,Diesel,Automatic,Government
Total Passenger Vehicles,Mid PV,2017-18,2749090,East,Diesel,Automatic,Private
Total Passenger Vehicles,Mid PV,2017-18,2416930,Central,CNG,Automatic,Private
Total Passenger Vehicles,Large PV,2017-18,410157,West,Petrol,Automatic,Government
Total Passenger Vehicles,Large PV,2017-18,441921,East,Diesel,Manual,Government
Total Passenger Vehicles,Large PV,2017-18,464871,South,CNG,Manual,Private
Total Passenger Vehicles,Large PV,2017-18,434250,North,Hybrid,Manual,Private
MandHCVs,Heavy Truck,2017-18,358927,South,Hybrid,Manual,Private
MandHCVs,Heavy Truck,2017-18,327138,East,Petrol,Automatic,Private
MandHCVs,Heavy Truck,2017-18,292805,East,Diesel,Manual,Export
MandHCVs,Heavy Truck,2017-18,247904,North,Petrol,Manual,Government
MandHCVs,Medium Truck,2017-18,41471,West,CNG,Automatic,Export
MandHCVs,Medium Truck,2017-18,36104,South,Hybrid,Manual,Export
LCVs,Mini Truck,2017-18,195995,South,Hybrid,Manual,Commercial
LCVs,Mini Truck,2017-18,222026,South,Diesel,Automatic,Private
LCVs,Mini Truck,2017-18,162345,Central,Diesel,Manual,Government
LCVs,Mini Truck,2017-18,212592,East,CNG,Manual,Commercial
LCVs,Light Truck,2017-18,283864,North,Hybrid,Automatic,Government
LCVs,Light Truck,2017-18,330311,Central,Electric,Manual,Export
Total CVs,General,2017-18,779054,Central,Electric,Manual,Commercial
Total CVs,General,2017-18,938288,Central,CNG,Automatic,Private
Three Wheelers,Passenger 3W,2017-18,225256,North,CNG,Automatic,Commercial
Three Wheelers,Passenger 3W,2017-18,258309,Central,Hybrid,Manual,Export
Three Wheelers,Passenger 3W,2017-18,276109,South,Electric,Automatic,Export
Three Wheelers,Cargo 3W,2017-18,414094,West,CNG,Manual,Private
Three Wheelers,Cargo 3W,2017-18,375542,West,CNG,Manual,Private
Three Wheelers,Cargo 3W,2017-18,329315,North,Diesel,Manual,Government
Three Wheelers,Cargo 3W,2017-18,359818,Central,Diesel,Manual,Export
Scooters,General,2017-18,5721622,South,Electric,Manual,Private
Scooters,General,2017-18,7579058,Central,Petrol,Automatic,Commercial
Scooters,General,2017-18,5528170,North,CNG,Automatic,Government
Scooters,General,2017-18,7220458,East,CNG,Manual,Government
Motorcycles,General,2017-18,10962632,South,Diesel,Automatic,Export
Motorcycles,General,2017-18,11460259,East,CNG,Automatic,Commercial
Motorcycles,General,2017-18,11201265,South,CNG,Automatic,Export
Mopeds,General,2017-18,838338,West,Electric,Automatic,Commercial
Mopeds,General,2017-18,921417,North,CNG,Manual,Government
Total Two Wheelers,General,2017-18,21300910,East,Diesel,Manual,Private
Total Two Wheelers,General,2017-18,17321185,Central,Petrol,Automatic,Government
Total Two Wheelers,General,2017-18,18926323,South,Hybrid,Automatic,Private
Grand Total,General,2017-18,21197059,Central,Hybrid,Automatic,Export
Grand Total,General,2017-18,21013040,South,Electric,Manual,Government
Grand Total,General,2017-18,28525664,South,Electric,Manual,Commercial
Grand Total,General,2017-18,21708448,Central,Hybrid,Automatic,Government
Passenger Cars,Hatchback,2018-19,388324,South,CNG,Manual,Commercial
Passenger Cars,Hatchback,2018-19,385861,East,Hybrid,Automatic,Government
Passenger Cars,Hatchback,2018-19,508206,East,CNG,Automatic,Private
Passenger Cars,Hatchback,2018-19,414526,North,Hybrid,Manual,Commercial
Passenger Cars,Sedan,2018-19,657457,West,Petrol,Manual,Commercial
Passenger Cars,Sedan,2018-19,613010,North,Electric,Automatic,Private
Passenger Cars,Sedan,2018-19,651657,East,Diesel,Manual,Government
Passenger Cars,Sedan,2018-19,537070,Central,Diesel,Manual,Private
Passenger Cars,SUV,2018-19,888726,East,CNG,Manual,Commercial
Passenger Cars,SUV,2018-19,1127209,South,Electric,Automatic,Government
Passenger Cars,SUV,2018-19,1024393,West,CNG,Manual,Commercial
Passenger Cars,SUV,2018-19,871185,East,CNG,Automatic,Export
Passenger Cars,Luxury,2018-19,118637,West,Electric,Manual,Export
Passenger Cars,Luxury,2018-19,128232,South,Diesel,Automatic,Commercial
Utility Vehicles,Pickup,2018-19,146286,West,Diesel,Automatic,Private
Utility Vehicles,Pickup,2018-19,161062,North,Hybrid,Manual,Private
Utility Vehicles,Pickup,2018-19,171571,North,CNG,Manual,Commercial
Utility Vehicles,Jeep,2018-19,685634,Central,Hybrid,Manual,Commercial
Utility Vehicles,Jeep,2018-19,677608,South,Hybrid,Automatic,Government
Utility Vehicles,Mini-SUV,2018-19,38307,North,Electric,Manual,Government
Utility Vehicles,Mini-SUV,2018-19,37845,Central,Electric,Automatic,Government
Vans,Mini Van,2018-19,114394,West,Petrol,Manual,Private
Vans,Mini Van,2018-19,122450,South,Hybrid,Automatic,Government
Vans,Mini Van,2018-19,112789,Central,Diesel,Manual,Private
Vans,Full Van,2018-19,88306,Central,Diesel,Manual,Government
Vans,Full Van,2018-19,80925,Central,Electric,Automatic,Commercial
Vans,Full Van,2018-19,106911,Central,CNG,Automatic,Export
Vans,Full Van,2018-19,108814,North,Petrol,Manual,Export
Total Passenger Vehicles,Compact PV,2018-19,2223080,Central,Electric,Automatic,Export
Total Passenger Vehicles,Compact PV,2018-19,1865835,Central,Electric,Automatic,Private
Total Passenger Vehicles,Compact PV,2018-19,1935154,North,CNG,Automatic,Commercial
Total Passenger Vehicles,Mid PV,2018-19,524347,West,Hybrid,Manual,Private
Total Passenger Vehicles,Mid PV,2018-19,591511,Central,Hybrid,Manual,Private
Total Passenger Vehicles,Large PV,2018-19,837389,Central,CNG,Manual,Export
Total Passenger Vehicles,Large PV,2018-19,851323,Central,Diesel,Manual,Commercial
Total Passenger Vehicles,Large PV,2018-19,836688,Central,Hybrid,Manual,Private
MandHCVs,Heavy Truck,2018-19,6837,East,Diesel,Automatic,Commercial
MandHCVs,Heavy Truck,2018-19,6075,North,Petrol,Automatic,Government
MandHCVs,Heavy Truck,2018-19,6633,North,CNG,Manual,Commercial
MandHCVs,Medium Truck,2018-19,395895,East,Petrol,Automatic,Export
MandHCVs,Medium Truck,2018-19,345696,North,Petrol,Automatic,Government
MandHCVs,Medium Truck,2018-19,309457,North,Hybrid,Manual,Commercial
MandHCVs,Medium Truck,2018-19,436105,West,Petrol,Automatic,Government
LCVs,Mini Truck,2018-19,240951,Central,Diesel,Automatic,Private
LCVs,Mini Truck,2018-19,255953,South,Electric,Manual,Private
LCVs,Mini Truck,2018-19,256072,Central,Petrol,Manual,Commercial
LCVs,Light Truck,2018-19,399715,North,CNG,Manual,Export
LCVs,Light Truck,2018-19,282002,West,CNG,Manual,Private
LCVs,Light Truck,2018-19,377165,South,Electric,Automatic,Commercial
LCVs,Light Truck,2018-19,307892,West,CNG,Manual,Private
Total CVs,General,2018-19,1133016,South,CNG,Automatic,Commercial
Total CVs,General,2018-19,1193518,North,Electric,Manual,Export
Total CVs,General,2018-19,921873,East,Hybrid,Automatic,Government
Total CVs,General,2018-19,963313,West,CNG,Manual,Private
Three Wheelers,Passenger 3W,2018-19,572028,South,Electric,Automatic,Private
Three Wheelers,Passenger 3W,2018-19,426241,East,Petrol,Automatic,Government
Three Wheelers,Cargo 3W,2018-19,182315,Central,Electric,Automatic,Commercial
Three Wheelers,Cargo 3W,2018-19,170181,Central,Electric,Automatic,Commercial
Scooters,General,2018-19,6536008,South,Petrol,Manual,Export
Scooters,General,2018-19,5573247,North,CNG,Manual,Export
Motorcycles,General,2018-19,15693711,West,Hybrid,Automatic,Export
Motorcycles,General,2018-19,11391937,North,CNG,Automatic,Government
Motorcycles,General,2018-19,11160092,West,Hybrid,Automatic,Private
Mopeds,General,2018-19,763234,West,CNG,Manual,Commercial
Mopeds,General,2018-19,908633,West,Electric,Manual,Government
Mopeds,General,2018-19,933022,North,Diesel,Automatic,Export
Mopeds,General,2018-19,806984,North,Petrol,Manual,Private
Total Two Wheelers,General,2018-19,24061064,Central,Electric,Automatic,Private
Total Two Wheelers,General,2018-19,18379043,West,Diesel,Automatic,Private
Total Two Wheelers,General,2018-19,22114812,South,Petrol,Manual,Private
Quadricycle,General,2018-19,509,West,Petrol,Manual,Government
Quadricycle,General,2018-19,676,North,CNG,Manual,Commercial
Grand Total,General,2018-19,22431976,East,Diesel,Manual,Private
Grand Total,General,2018-19,30915392,Central,Petrol,Manual,Private
Grand Total,General,2018-19,29128610,East,Electric,Automatic,Private
Grand Total,General,2018-19,30979594,East,Diesel,Manual,Government
Passenger Cars,Hatchback,2019-20,1430617,West,Electric,Automatic,Commercial
Passenger Cars,Hatchback,2019-20,1301835,North,Hybrid,Automatic,Private
Passenger Cars,Hatchback,2019-20,1266476,Central,Hybrid,Manual,Export
Passenger Cars,Hatchback,2019-20,1384548,West,Diesel,Automatic,Government
Passenger Cars,Sedan,2019-20,470108,South,CNG,Automatic,Export
Passenger Cars,Sedan,2019-20,517649,Central,Electric,Manual,Commercial
Passenger Cars,SUV,2019-20,29075,North,Petrol,Automatic,Private
Passenger Cars,SUV,2019-20,28378,North,Electric,Manual,Private
Passenger Cars,Luxury,2019-20,214820,West,Electric,Automatic,Commercial
Passenger Cars,Luxury,2019-20,262118,South,CNG,Automatic,Government
Passenger Cars,Luxury,2019-20,200620,South,Hybrid,Automatic,Government
Passenger Cars,Luxury,2019-20,219467,East,Electric,Manual,Private
Utility Vehicles,Pickup,2019-20,396449,East,CNG,Manual,Private
Utility Vehicles,Pickup,2019-20,514632,Central,Diesel,Manual,Private
Utility Vehicles,Pickup,2019-20,348656,East,Hybrid,Manual,Government
Utility Vehicles,Jeep,2019-20,533905,West,Diesel,Automatic,Government
Utility Vehicles,Jeep,2019-20,711415,Central,Petrol,Manual,Export
Utility Vehicles,Mini-SUV,2019-20,97414,South,Electric,Manual,Commercial
Utility Vehicles,Mini-SUV,2019-20,124090,West,Petrol,Automatic,Export
Utility Vehicles,Mini-SUV,2019-20,114361,South,Petrol,Automatic,Government
Vans,Mini Van,2019-20,16209,Central,Petrol,Manual,Commercial
Vans,Mini Van,2019-20,20834,East,Hybrid,Manual,Commercial
Vans,Mini Van,2019-20,16333,South,Hybrid,Automatic,Commercial
Vans,Mini Van,2019-20,23824,South,CNG,Manual,Commercial
Vans,Full Van,2019-20,121321,Central,Petrol,Manual,Commercial
Vans,Full Van,2019-20,136399,East,Diesel,Manual,Export
Vans,Full Van,2019-20,130926,Central,CNG,Automatic,Private
Total Passenger Vehicles,Compact PV,2019-20,411706,North,Petrol,Manual,Government
Total Passenger Vehicles,Compact PV,2019-20,295533,East,Hybrid,Automatic,Commercial
Total Passenger Vehicles,Compact PV,2019-20,383725,East,Hybrid,Manual,Government
Total Passenger Vehicles,Compact PV,2019-20,365108,East,Petrol,Automatic,Export
Total Passenger Vehicles,Mid PV,2019-20,1062404,West,Hybrid,Manual,Export
Total Passenger Vehicles,Mid PV,2019-20,883762,North,Diesel,Automatic,Private
Total Passenger Vehicles,Large PV,2019-20,2336599,South,Electric,Automatic,Export
Total Passenger Vehicles,Large PV,2019-20,2268588,Central,Petrol,Manual,Export
MandHCVs,Heavy Truck,2019-20,24583,South,CNG,Automatic,Commercial
MandHCVs,Heavy Truck,2019-20,24299,East,Hybrid,Manual,Government
MandHCVs,Heavy Truck,2019-20,19691,East,CNG,Manual,Government
MandHCVs,Heavy Truck,2019-20,25910,South,Hybrid,Manual,Government
MandHCVs,Medium Truck,2019-20,217263,North,Hybrid,Manual,Government
MandHCVs,Medium Truck,2019-20,251343,North,Electric,Automatic,Private
MandHCVs,Medium Truck,2019-20,178869,West,Petrol,Automatic,Private
LCVs,Mini Truck,2019-20,343741,West,Petrol,Manual,Private
LCVs,Mini Truck,2019-20,401506,South,Diesel,Automatic,Private
LCVs,Mini Truck,2019-20,351799,West,Hybrid,Manual,Export
LCVs,Light Truck,2019-20,191350,South,Electric,Manual,Export
LCVs,Light Truck,2019-20,208969,Central,Hybrid,Manual,Private
Total CVs,General,2019-20,671440,North,Electric,Manual,Commercial
Total CVs,General,2019-20,707679,Central,Diesel,Manual,Commercial
Total CVs,General,2019-20,751305,Central,Hybrid,Manual,Private
Three Wheelers,Passenger 3W,2019-20,311007,West,Diesel,Automatic,Commercial
Three Wheelers,Passenger 3W,2019-20,335462,Central,Petrol,Automatic,Export
Three Wheelers,Passenger 3W,2019-20,324564,East,Petrol,Manual,Commercial
Three Wheelers,Cargo 3W,2019-20,638461,Central,Petrol,Automatic,Commercial
Three Wheelers,Cargo 3W,2019-20,728916,East,Electric,Manual,Private
Three Wheelers,Cargo 3W,2019-20,713613,West,Diesel,Manual,Export
Scooters,General,2019-20,5506984,North,CNG,Automatic,Export
Scooters,General,2019-20,6862216,Central,Hybrid,Automatic,Commercial
Scooters,General,2019-20,4756033,South,Hybrid,Automatic,Export
Motorcycles,General,2019-20,12544625,South,Hybrid,Automatic,Commercial
Motorcycles,General,2019-20,16720420,North,Electric,Manual,Private
Motorcycles,General,2019-20,14032726,West,Diesel,Manual,Government
Mopeds,General,2019-20,690288,West,Diesel,Automatic,Government
Mopeds,General,2019-20,626345,East,Electric,Manual,Commercial
Mopeds,General,2019-20,765049,South,Diesel,Manual,Export
Electric Two Wheelers,General,2019-20,264,North,CNG,Manual,Export
Electric Two Wheelers,General,2019-20,250,South,Electric,Automatic,Government
Electric Two Wheelers,General,2019-20,267,East,CNG,Manual,Export
Electric Two Wheelers,General,2019-20,313,Central,Hybrid,Automatic,Government
Total Two Wheelers,General,2019-20,23625854,West,Diesel,Automatic,Private
Total Two Wheelers,General,2019-20,20559252,East,Diesel,Manual,Commercial
Total Two Wheelers,General,2019-20,16781399,South,Hybrid,Manual,Commercial
Quadricycle,General,2019-20,6953,Central,CNG,Automatic,Commercial
Quadricycle,General,2019-20,6259,Central,Diesel,Automatic,Commercial
Grand Total,General,2019-20,23632696,East,Petrol,Manual,Private
Grand Total,General,2019-20,21763269,North,CNG,Automatic,Private
Grand Total,General,2019-20,22769293,South,Petrol,Automatic,Export
Grand Total,General,2019-20,29392572,East,CNG,Manual,Commercial
Passenger Cars,Hatchback,2020-21,738227,East,Petrol,Automatic,Government
Passenger Cars,Hatchback,2020-21,667583,South,Petrol,Automatic,Export
Passenger Cars,Sedan,2020-21,214311,East,Petrol,Automatic,Government
Passenger Cars,Sedan,2020-21,188538,West,Hybrid,Automatic,Government
Passenger Cars,SUV,2020-21,797487,East,Electric,Automatic,Export
Passenger Cars,SUV,2020-21,836096,South,Electric,Manual,Export
Passenger Cars,Luxury,2020-21,37437,South,Petrol,Automatic,Export
Passenger Cars,Luxury,2020-21,38390,East,Hybrid,Automatic,Export
Utility Vehicles,Pickup,2020-21,867421,West,Hybrid,Automatic,Private
Utility Vehicles,Pickup,2020-21,866115,Central,Petrol,Manual,Government
Utility Vehicles,Pickup,2020-21,1044072,North,Hybrid,Manual,Export
Utility Vehicles,Pickup,2020-21,1115193,Central,Electric,Manual,Private
Utility Vehicles,Jeep,2020-21,106533,Central,Petrol,Automatic,Government
Utility Vehicles,Jeep,2020-21,122475,Central,Diesel,Manual,Commercial
Utility Vehicles,Jeep,2020-21,99191,West,Electric,Manual,Government
Utility Vehicles,Jeep,2020-21,97043,West,Petrol,Manual,Government
Utility Vehicles,Mini-SUV,2020-21,45167,West,Hybrid,Automatic,Export
Utility Vehicles,Mini-SUV,2020-21,53093,East,CNG,Manual,Commercial
Utility Vehicles,Mini-SUV,2020-21,42533,West,Hybrid,Automatic,Commercial
Vans,Mini Van,2020-21,33982,Central,Electric,Automatic,Export
Vans,Mini Van,2020-21,30199,Central,CNG,Automatic,Export
Vans,Mini Van,2020-21,33299,South,Petrol,Manual,Export
Vans,Full Van,2020-21,78361,East,Hybrid,Automatic,Government
Vans,Full Van,2020-21,67879,South,CNG,Manual,Government
Vans,Full Van,2020-21,70578,East,Petrol,Automatic,Export
Vans,Full Van,2020-21,84631,South,CNG,Automatic,Government
Total Passenger Vehicles,Compact PV,2020-21,2045578,West,Petrol,Automatic,Export
Total Passenger Vehicles,Compact PV,2020-21,1463721,South,Electric,Manual,Government
Total Passenger Vehicles,Compact PV,2020-21,2009882,South,Hybrid,Manual,Export
Total Passenger Vehicles,Compact PV,2020-21,1550556,North,Electric,Automatic,Commercial
Total Passenger Vehicles,Mid PV,2020-21,1197990,South,CNG,Manual,Private
Total Passenger Vehicles,Mid PV,2020-21,947675,West,Hybrid,Automatic,Commercial
Total Passenger Vehicles,Mid PV,2020-21,1190953,North,Diesel,Manual,Private
Total Passenger Vehicles,Large PV,2020-21,242313,West,Hybrid,Automatic,Export
Total Passenger Vehicles,Large PV,2020-21,241286,Central,Electric,Manual,Commercial
Total Passenger Vehicles,Large PV,2020-21,246157,East,Hybrid,Manual,Government
Total Passenger Vehicles,Large PV,2020-21,313832,South,CNG,Automatic,Private
MandHCVs,Heavy Truck,2020-21,93804,North,Diesel,Automatic,Commercial
MandHCVs,Heavy Truck,2020-21,89682,Central,Petrol,Manual,Export
MandHCVs,Heavy Truck,2020-21,106543,South,Diesel,Manual,Private
MandHCVs,Heavy Truck,2020-21,92925,South,CNG,Manual,Government
MandHCVs,Medium Truck,2020-21,82559,Central,CNG,Automatic,Export
MandHCVs,Medium Truck,2020-21,73164,South,Diesel,Automatic,Export
LCVs,Mini Truck,2020-21,458697,East,Electric,Automatic,Export
LCVs,Mini Truck,2020-21,416854,East,Electric,Automatic,Government
LCVs,Mini Truck,2020-21,452970,South,Petrol,Automatic,Export
LCVs,Mini Truck,2020-21,427646,West,Diesel,Manual,Commercial
LCVs,Light Truck,2020-21,35154,East,Hybrid,Automatic,Commercial
LCVs,Light Truck,2020-21,36105,Central,Diesel,Automatic,Export
Total CVs,General,2020-21,663316,West,Hybrid,Manual,Government
Total CVs,General,2020-21,696989,North,Electric,Automatic,Government
Three Wheelers,Passenger 3W,2020-21,100105,East,Hybrid,Automatic,Private
Three Wheelers,Passenger 3W,2020-21,94736,South,Petrol,Manual,Private
Three Wheelers,Passenger 3W,2020-21,89561,North,Petrol,Automatic,Government
Three Wheelers,Cargo 3W,2020-21,545914,West,CNG,Automatic,Government
Three Wheelers,Cargo 3W,2020-21,529295,East,Diesel,Automatic,Export
Scooters,General,2020-21,5107032,East,CNG,Automatic,Export
Scooters,General,2020-21,5242508,South,Electric,Automatic,Export
Scooters,General,2020-21,4081431,West,Diesel,Automatic,Export
Motorcycles,General,2020-21,11588828,South,Hybrid,Automatic,Export
Motorcycles,General,2020-21,11847672,South,Hybrid,Manual,Private
Mopeds,General,2020-21,693453,West,Electric,Automatic,Government
Mopeds,General,2020-21,602432,Central,Electric,Automatic,Government
Mopeds,General,2020-21,541033,Central,CNG,Automatic,Government
Electric Two Wheelers,General,2020-21,2590,Central,Diesel,Automatic,Private
Electric Two Wheelers,General,2020-21,2416,South,CNG,Automatic,Government
Total Two Wheelers,General,2020-21,21071903,Central,Hybrid,Automatic,Commercial
Total Two Wheelers,General,2020-21,16857541,Central,Electric,Automatic,Private
Total Two Wheelers,General,2020-21,21323645,South,Electric,Manual,Government
Total Two Wheelers,General,2020-21,20576591,North,Diesel,Manual,Government
Quadricycle,General,2020-21,3437,North,Hybrid,Automatic,Private
Quadricycle,General,2020-21,3566,Central,Hybrid,Manual,Government
Grand Total,General,2020-21,27121060,North,Petrol,Manual,Private
Grand Total,General,2020-21,26827306,North,Diesel,Manual,Commercial
